Workbook

Sheet Dashboard
A1: 🎓 STUDENT GRADE DASHBOARD
A3: Class X-A | 20 Students | 5 Subjects | Max: 500 Marks | AY 2024
A5: 👨‍🎓 | D5: 📊 | G5: 🏆 | J5: ✅
A6: TOTAL STUDENTS | D6: CLASS AVERAGE | G6: TOP SCORE | J6: PASS %
A7: =COUNTA('Student Data'!B2:B21) -> 20 | D7: =AVERAGE('Student Data'!J2:J21) -> 65.69 | G7: =MAX('Student Data'!I2:I21) -> 387 | J7: =IFERROR(COUNTIF('Student Data'!M2:M21,"PASS")/20*100,0) -> 100
A10: 🏅 Top 5 Students by Total Marks | I10: 📚 Subject-wise Averages
A11: Rank | B11: Student Name | C11: Total | D11: Avg | E11: Grade | F11: Result | G11: % Score | I11: Subject | J11: Avg | K11: Highest | L11: Lowest | M11: Pass% | N11: Status
A12: 🥇 | B12: =IFERROR(INDEX('Student Data'!B$2:B$21,MATCH(1,'Student Data'!N$2:N$21,0)),"") -> Lavanya C | C12: =IFERROR(INDEX('Student Data'!I$2:I$21,MATCH(1,'Student Data'!N$2:N$21,0)),"") -> 387 | D12: =IFERROR(INDEX('Student Data'!J$2:J$21,MATCH(1,'Student Data'!N$2:N$21,0)),"") -> 77.4 | E12: =IFERROR(INDEX('Student Data'!L$2:L$21,MATCH(1,'Student Data'!N$2:N$21,0)),"") -> B+ | F12: =IFERROR(INDEX('Student Data'!M$2:M$21,MATCH(1,'Student Data'!N$2:N$21,0)),"") -> PASS | G12: =IFERROR(INDEX('Student Data'!K$2:K$21,MATCH(1,'Student Data'!N$2:N$21,0)),"") -> 77.4 | I12: Tamil | J12: =AVERAGE('Student Data'!D2:D21) -> 67.85 | K12: =MAX('Student Data'!D2:D21) -> 98 | L12: =MIN('Student Data'!D2:D21) -> 39 | M12: =IFERROR(COUNTIF('Student Data'!D2:D21,">="&35)/20*100,0) -> 100 | N12: =IF(AVERAGE('Student Data'!D2:D21)>=70,"Strong",IF(AVERAGE('Student Data'!D2:D21)>=55,"Average","Weak")) -> Average
A13: 🥈 | B13: =IFERROR(INDEX('Student Data'!B$2:B$21,MATCH(2,'Student Data'!N$2:N$21,0)),"") -> Bharathi M | C13: =IFERROR(INDEX('Student Data'!I$2:I$21,MATCH(2,'Student Data'!N$2:N$21,0)),"") -> 379 | D13: =IFERROR(INDEX('Student Data'!J$2:J$21,MATCH(2,'Student Data'!N$2:N$21,0)),"") -> 75.8 | E13: =IFERROR(INDEX('Student Data'!L$2:L$21,MATCH(2,'Student Data'!N$2:N$21,0)),"") -> B+ | F13: =IFERROR(INDEX('Student Data'!M$2:M$21,MATCH(2,'Student Data'!N$2:N$21,0)),"") -> PASS | G13: =IFERROR(INDEX('Student Data'!K$2:K$21,MATCH(2,'Student Data'!N$2:N$21,0)),"") -> 75.8 | I13: English | J13: =AVERAGE('Student Data'!E2:E21) -> 66.15 | K13: =MAX('Student Data'!E2:E21) -> 97 | L13: =MIN('Student Data'!E2:E21) -> 35 | M13: =IFERROR(COUNTIF('Student Data'!E2:E21,">="&35)/20*100,0) -> 100 | N13: =IF(AVERAGE('Student Data'!E2:E21)>=70,"Strong",IF(AVERAGE('Student Data'!E2:E21)>=55,"Average","Weak")) -> Average
A14: 🥉 | B14: =IFERROR(INDEX('Student Data'!B$2:B$21,MATCH(3,'Student Data'!N$2:N$21,0)),"") -> Meena Lakshmi | C14: =IFERROR(INDEX('Student Data'!I$2:I$21,MATCH(3,'Student Data'!N$2:N$21,0)),"") -> 376 | D14: =IFERROR(INDEX('Student Data'!J$2:J$21,MATCH(3,'Student Data'!N$2:N$21,0)),"") -> 75.2 | E14: =IFERROR(INDEX('Student Data'!L$2:L$21,MATCH(3,'Student Data'!N$2:N$21,0)),"") -> B+ | F14: =IFERROR(INDEX('Student Data'!M$2:M$21,MATCH(3,'Student Data'!N$2:N$21,0)),"") -> PASS | G14: =IFERROR(INDEX('Student Data'!K$2:K$21,MATCH(3,'Student Data'!N$2:N$21,0)),"") -> 75.2 | I14: Maths | J14: =AVERAGE('Student Data'!F2:F21) -> 60.45 | K14: =MAX('Student Data'!F2:F21) -> 91 | L14: =MIN('Student Data'!F2:F21) -> 37 | M14: =IFERROR(COUNTIF('Student Data'!F2:F21,">="&35)/20*100,0) -> 100 | N14: =IF(AVERAGE('Student Data'!F2:F21)>=70,"Strong",IF(AVERAGE('Student Data'!F2:F21)>=55,"Average","Weak")) -> Average
A15: 4️⃣ | B15: =IFERROR(INDEX('Student Data'!B$2:B$21,MATCH(4,'Student Data'!N$2:N$21,0)),"") -> Vijay Anand | C15: =IFERROR(INDEX('Student Data'!I$2:I$21,MATCH(4,'Student Data'!N$2:N$21,0)),"") -> 370 | D15: =IFERROR(INDEX('Student Data'!J$2:J$21,MATCH(4,'Student Data'!N$2:N$21,0)),"") -> 74 | E15: =IFERROR(INDEX('Student Data'!L$2:L$21,MATCH(4,'Student Data'!N$2:N$21,0)),"") -> B+ | F15: =IFERROR(INDEX('Student Data'!M$2:M$21,MATCH(4,'Student Data'!N$2:N$21,0)),"") -> PASS | G15: =IFERROR(INDEX('Student Data'!K$2:K$21,MATCH(4,'Student Data'!N$2:N$21,0)),"") -> 74 | I15: Science | J15: =AVERAGE('Student Data'!G2:G21) -> 63.8 | K15: =MAX('Student Data'!G2:G21) -> 88 | L15: =MIN('Student Data'!G2:G21) -> 36 | M15: =IFERROR(COUNTIF('Student Data'!G2:G21,">="&35)/20*100,0) -> 100 | N15: =IF(AVERAGE('Student Data'!G2:G21)>=70,"Strong",IF(AVERAGE('Student Data'!G2:G21)>=55,"Average","Weak")) -> Average
A16: 5️⃣ | B16: =IFERROR(INDEX('Student Data'!B$2:B$21,MATCH(5,'Student Data'!N$2:N$21,0)),"") -> Rekha N | C16: =IFERROR(INDEX('Student Data'!I$2:I$21,MATCH(5,'Student Data'!N$2:N$21,0)),"") -> 360 | D16: =IFERROR(INDEX('Student Data'!J$2:J$21,MATCH(5,'Student Data'!N$2:N$21,0)),"") -> 72 | E16: =IFERROR(INDEX('Student Data'!L$2:L$21,MATCH(5,'Student Data'!N$2:N$21,0)),"") -> B+ | F16: =IFERROR(INDEX('Student Data'!M$2:M$21,MATCH(5,'Student Data'!N$2:N$21,0)),"") -> PASS | G16: =IFERROR(INDEX('Student Data'!K$2:K$21,MATCH(5,'Student Data'!N$2:N$21,0)),"") -> 72 | I16: Social Science | J16: =AVERAGE('Student Data'!H2:H21) -> 70.2 | K16: =MAX('Student Data'!H2:H21) -> 95 | L16: =MIN('Student Data'!H2:H21) -> 35 | M16: =IFERROR(COUNTIF('Student Data'!H2:H21,">="&35)/20*100,0) -> 100 | N16: =IF(AVERAGE('Student Data'!H2:H21)>=70,"Strong",IF(AVERAGE('Student Data'!H2:H21)>=55,"Average","Weak")) -> Strong
I18: Pass / Fail Summary
I19: ✅ Passed | L19: =COUNTIF('Student Data'!M2:M21,"PASS") -> 20
I20: ❌ Failed | L20: =COUNTIF('Student Data'!M2:M21,"FAIL") -> 0
I21: Pass % | L21: =IFERROR(COUNTIF('Student Data'!M2:M21,"PASS")/20*100,0) -> 100

Sheet Student Data
A1: S.No | B1: Student Name | C1: Roll No | D1: Tamil | E1: English | F1: Maths | G1: Science | H1: Social Science | I1: Total | J1: Average | K1: Percentage (%) | L1: Grade | M1: Result | N1: Rank
A2: 1 | B2: Arun Kumar | C2: 2024001 | D2: 86 | E2: 83 | F2: 60 | G2: 57 | H2: 64 | I2: =SUM(D2:H2) -> 350 | J2: =I2/5 -> 70 | K2: =I2/500*100 -> 70 | L2: =IF(K2>=90,"A+",IF(K2>=80,"A",IF(K2>=70,"B+",IF(K2>=60,"B",IF(K2>=50,"C",IF(K2>=35,"D","F")))))) -> B+ | M2: =IF(AND(D2>=35,E2>=35,F2>=35,G2>=35,H2>=35),"PASS","FAIL") -> PASS | N2: =RANK(I2,I$2:I$21,0) -> 7
A3: 2 | B3: Priya Devi | C3: 2024002 | D3: 66 | E3: 52 | F3: 46 | G3: 67 | H3: 84 | I3: =SUM(D3:H3) -> 315 | J3: =I3/5 -> 63 | K3: =I3/500*100 -> 63 | L3: =IF(K3>=90,"A+",IF(K3>=80,"A",IF(K3>=70,"B+",IF(K3>=60,"B",IF(K3>=50,"C",IF(K3>=35,"D","F")))))) -> B | M3: =IF(AND(D3>=35,E3>=35,F3>=35,G3>=35,H3>=35),"PASS","FAIL") -> PASS | N3: =RANK(I3,I$2:I$21,0) -> 15
A4: 3 | B4: Karthik Raja | C4: 2024003 | D4: 46 | E4: 97 | F4: 60 | G4: 88 | H4: 62 | I4: =SUM(D4:H4) -> 353 | J4: =I4/5 -> 70.6 | K4: =I4/500*100 -> 70.6 | L4: =IF(K4>=90,"A+",IF(K4>=80,"A",IF(K4>=70,"B+",IF(K4>=60,"B",IF(K4>=50,"C",IF(K4>=35,"D","F")))))) -> B+ | M4: =IF(AND(D4>=35,E4>=35,F4>=35,G4>=35,H4>=35),"PASS","FAIL") -> PASS | N4: =RANK(I4,I$2:I$21,0) -> 6
A5: 4 | B5: Meena Lakshmi | C5: 2024004 | D5: 82 | E5: 84 | F5: 62 | G5: 54 | H5: 94 | I5: =SUM(D5:H5) -> 376 | J5: =I5/5 -> 75.2 | K5: =I5/500*100 -> 75.2 | L5: =IF(K5>=90,"A+",IF(K5>=80,"A",IF(K5>=70,"B+",IF(K5>=60,"B",IF(K5>=50,"C",IF(K5>=35,"D","F")))))) -> B+ | M5: =IF(AND(D5>=35,E5>=35,F5>=35,G5>=35,H5>=35),"PASS","FAIL") -> PASS | N5: =RANK(I5,I$2:I$21,0) -> 3
A6: 5 | B6: Suresh Babu | C6: 2024005 | D6: 57 | E6: 78 | F6: 45 | G6: 46 | H6: 95 | I6: =SUM(D6:H6) -> 321 | J6: =I6/5 -> 64.2 | K6: =I6/500*100 -> 64.2 | L6: =IF(K6>=90,"A+",IF(K6>=80,"A",IF(K6>=70,"B+",IF(K6>=60,"B",IF(K6>=50,"C",IF(K6>=35,"D","F")))))) -> B | M6: =IF(AND(D6>=35,E6>=35,F6>=35,G6>=35,H6>=35),"PASS","FAIL") -> PASS | N6: =RANK(I6,I$2:I$21,0) -> 12
A7: 6 | B7: Divya Shree | C7: 2024006 | D7: 75 | E7: 86 | F7: 40 | G7: 69 | H7: 35 | I7: =SUM(D7:H7) -> 305 | J7: =I7/5 -> 61 | K7: =I7/500*100 -> 61 | L7: =IF(K7>=90,"A+",IF(K7>=80,"A",IF(K7>=70,"B+",IF(K7>=60,"B",IF(K7>=50,"C",IF(K7>=35,"D","F")))))) -> B | M7: =IF(AND(D7>=35,E7>=35,F7>=35,G7>=35,H7>=35),"PASS","FAIL") -> PASS | N7: =RANK(I7,I$2:I$21,0) -> 16
A8: 7 | B8: Vijay Anand | C8: 2024007 | D8: 89 | E8: 61 | F8: 81 | G8: 45 | H8: 94 | I8: =SUM(D8:H8) -> 370 | J8: =I8/5 -> 74 | K8: =I8/500*100 -> 74 | L8: =IF(K8>=90,"A+",IF(K8>=80,"A",IF(K8>=70,"B+",IF(K8>=60,"B",IF(K8>=50,"C",IF(K8>=35,"D","F")))))) -> B+ | M8: =IF(AND(D8>=35,E8>=35,F8>=35,G8>=35,H8>=35),"PASS","FAIL") -> PASS | N8: =RANK(I8,I$2:I$21,0) -> 4
A9: 8 | B9: Nithya Sree | C9: 2024008 | D9: 60 | E9: 94 | F9: 41 | G9: 80 | H9: 51 | I9: =SUM(D9:H9) -> 326 | J9: =I9/5 -> 65.2 | K9: =I9/500*100 -> 65.2 | L9: =IF(K9>=90,"A+",IF(K9>=80,"A",IF(K9>=70,"B+",IF(K9>=60,"B",IF(K9>=50,"C",IF(K9>=35,"D","F")))))) -> B | M9: =IF(AND(D9>=35,E9>=35,F9>=35,G9>=35,H9>=35),"PASS","FAIL") -> PASS | N9: =RANK(I9,I$2:I$21,0) -> 10
A10: 9 | B10: Murugan S | C10: 2024009 | D10: 62 | E10: 55 | F10: 91 | G10: 57 | H10: 57 | I10: =SUM(D10:H10) -> 322 | J10: =I10/5 -> 64.4 | K10: =I10/500*100 -> 64.4 | L10: =IF(K10>=90,"A+",IF(K10>=80,"A",IF(K10>=70,"B+",IF(K10>=60,"B",IF(K10>=50,"C",IF(K10>=35,"D","F")))))) -> B | M10: =IF(AND(D10>=35,E10>=35,F10>=35,G10>=35,H10>=35),"PASS","FAIL") -> PASS | N10: =RANK(I10,I$2:I$21,0) -> 11
A11: 10 | B11: Kavitha R | C11: 2024010 | D11: 39 | E11: 49 | F11: 37 | G11: 56 | H11: 95 | I11: =SUM(D11:H11) -> 276 | J11: =I11/5 -> 55.2 | K11: =I11/500*100 -> 55.2 | L11: =IF(K11>=90,"A+",IF(K11>=80,"A",IF(K11>=70,"B+",IF(K11>=60,"B",IF(K11>=50,"C",IF(K11>=35,"D","F")))))) -> C | M11: =IF(AND(D11>=35,E11>=35,F11>=35,G11>=35,H11>=35),"PASS","FAIL") -> PASS | N11: =RANK(I11,I$2:I$21,0) -> 19
A12: 11 | B12: Ramesh T | C12: 2024011 | D12: 88 | E12: 45 | F12: 89 | G12: 46 | H12: 53 | I12: =SUM(D12:H12) -> 321 | J12: =I12/5 -> 64.2 | K12: =I12/500*100 -> 64.2 | L12: =IF(K12>=90,"A+",IF(K12>=80,"A",IF(K12>=70,"B+",IF(K12>=60,"B",IF(K12>=50,"C",IF(K12>=35,"D","F")))))) -> B | M12: =IF(AND(D12>=35,E12>=35,F12>=35,G12>=35,H12>=35),"PASS","FAIL") -> PASS | N12: =RANK(I12,I$2:I$21,0) -> 12
A13: 12 | B13: Anitha P | C13: 2024012 | D13: 74 | E13: 35 | F13: 83 | G13: 77 | H13: 52 | I13: =SUM(D13:H13) -> 321 | J13: =I13/5 -> 64.2 | K13: =I13/500*100 -> 64.2 | L13: =IF(K13>=90,"A+",IF(K13>=80,"A",IF(K13>=70,"B+",IF(K13>=60,"B",IF(K13>=50,"C",IF(K13>=35,"D","F")))))) -> B | M13: =IF(AND(D13>=35,E13>=35,F13>=35,G13>=35,H13>=35),"PASS","FAIL") -> PASS | N13: =RANK(I13,I$2:I$21,0) -> 12
... A21: 20 | B21: Lavanya C | C21: 2024020 | D21: 78 | E21: 62 | F21: 83 | G21: 86 | H21: 78 | I21: =SUM(D21:H21) -> 387 | J21: =I21/5 -> 77.4 | K21: =I21/500*100 -> 77.4 | L21: =IF(K21>=90,"A+",IF(K21>=80,"A",IF(K21>=70,"B+",IF(K21>=60,"B",IF(K21>=50,"C",IF(K21>=35,"D","F")))))) -> B+ | M21: =IF(AND(D21>=35,E21>=35,F21>=35,G21>=35,H21>=35),"PASS","FAIL") -> PASS | N21: =RANK(I21,I$2:I$21,0) -> 1

Sheet Analysis
A1: 📊 STUDENT PERFORMANCE ANALYSIS
A3: A. Subject-wise Statistics | H3: B. Grade Distribution
A4: Subject | B4: Avg | C4: Highest | D4: Lowest | E4: Pass Count | F4: Pass % | H4: Grade | I4: Range | J4: Count | K4: % Share | L4: Visual Bar
A5: Tamil | B5: =AVERAGE('Student Data'!D2:D21) -> 67.85 | C5: =MAX('Student Data'!D2:D21) -> 98 | D5: =MIN('Student Data'!D2:D21) -> 39 | E5: =COUNTIF('Student Data'!D2:D21,">="&35) -> 20 | F5: =IFERROR(E5/20*100,0) -> 100 | H5: A+ | I5: 90-100 | J5: =COUNTIF('Student Data'!K2:K21,">=90") -> 0 | K5: =IFERROR(J5/20*100,0) -> 0 | L5: =REPT("█",ROUND(J5*2,0))
A6: English | B6: =AVERAGE('Student Data'!E2:E21) -> 66.15 | C6: =MAX('Student Data'!E2:E21) -> 97 | D6: =MIN('Student Data'!E2:E21) -> 35 | E6: =COUNTIF('Student Data'!E2:E21,">="&35) -> 20 | F6: =IFERROR(E6/20*100,0) -> 100 | H6: A | I6: 80-89 | J6: =COUNTIFS('Student Data'!K2:K21,">=80",'Student Data'!K2:K21,"<90") -> 0 | K6: =IFERROR(J6/20*100,0) -> 0 | L6: =REPT("█",ROUND(J6*2,0))
A7: Maths | B7: =AVERAGE('Student Data'!F2:F21) -> 60.45 | C7: =MAX('Student Data'!F2:F21) -> 91 | D7: =MIN('Student Data'!F2:F21) -> 37 | E7: =COUNTIF('Student Data'!F2:F21,">="&35) -> 20 | F7: =IFERROR(E7/20*100,0) -> 100 | H7: B+ | I7: 70-79 | J7: =COUNTIFS('Student Data'!K2:K21,">=70",'Student Data'!K2:K21,"<80") -> 7 | K7: =IFERROR(J7/20*100,0) -> 35 | L7: =REPT("█",ROUND(J7*2,0)) -> ██████████████
A8: Science | B8: =AVERAGE('Student Data'!G2:G21) -> 63.8 | C8: =MAX('Student Data'!G2:G21) -> 88 | D8: =MIN('Student Data'!G2:G21) -> 36 | E8: =COUNTIF('Student Data'!G2:G21,">="&35) -> 20 | F8: =IFERROR(E8/20*100,0) -> 100 | H8: B | I8: 60-69 | J8: =COUNTIFS('Student Data'!K2:K21,">=60",'Student Data'!K2:K21,"<70") -> 9 | K8: =IFERROR(J8/20*100,0) -> 45 | L8: =REPT("█",ROUND(J8*2,0)) -> ██████████████████
A9: Social Science | B9: =AVERAGE('Student Data'!H2:H21) -> 70.2 | C9: =MAX('Student Data'!H2:H21) -> 95 | D9: =MIN('Student Data'!H2:H21) -> 35 | E9: =COUNTIF('Student Data'!H2:H21,">="&35) -> 20 | F9: =IFERROR(E9/20*100,0) -> 100 | H9: C | I9: 50-59 | J9: =COUNTIFS('Student Data'!K2:K21,">=50",'Student Data'!K2:K21,"<60") -> 4 | K9: =IFERROR(J9/20*100,0) -> 20 | L9: =REPT("█",ROUND(J9*2,0)) -> ████████
A10: Class Overall | B10: =AVERAGE('Student Data'!J2:J21) -> 65.69 | C10: =MAX('Student Data'!I2:I21) -> 387 | D10: =MIN('Student Data'!I2:I21) -> 250 | E10: =COUNTIF('Student Data'!M2:M21,"PASS") -> 20 | F10: =IFERROR(E10/20*100,0) -> 100 | H10: D | I10: 35-49 | J10: =COUNTIFS('Student Data'!K2:K21,">=35",'Student Data'!K2:K21,"<50") -> 0 | K10: =IFERROR(J10/20*100,0) -> 0 | L10: =REPT("█",ROUND(J10*2,0))
H11: F | I11: <35 | J11: =COUNTIF('Student Data'!K2:K21,"<35") -> 0 | K11: =IFERROR(J11/20*100,0) -> 0 | L11: =REPT("█",ROUND(J11*2,0))
A12: C. Key Insights & Formulas Used | H12: TOTAL | J12: =SUM(J5:J11) -> 20 | K12: =SUM(K5:K11) -> 100
A13: Top Scorer | B13: =IFERROR(INDEX('Student Data'!B2:B21,MATCH(MAX('Student Data'!I2:I21),'Student Data'!I2:I21,0)),"") -> Lavanya C
A14: Lowest Scorer | B14: =IFERROR(INDEX('Student Data'!B2:B21,MATCH(MIN('Student Data'!I2:I21),'Student Data'!I2:I21,0)),"") -> Deepak A
A15: Class Average | B15: =AVERAGE('Student Data'!J2:J21) -> 65.69
A16: Pass Count | B16: =COUNTIF('Student Data'!M2:M21,"PASS") -> 20
A17: Fail Count | B17: =COUNTIF('Student Data'!M2:M21,"FAIL") -> 0
A18: Pass % | B18: =IFERROR(COUNTIF('Student Data'!M2:M21,"PASS")/20*100,0) -> 100
A19: Maths Avg | B19: =AVERAGE('Student Data'!F2:F21) -> 60.45
A20: Best Subject | B20: =INDEX({"Tamil","English","Maths","Science","Social Science"},MATCH(MAX(B5:B9),B5:B9,0)) -> Social Science

Sheet Charts
